id,title,franquicia,genres
862,Toy Story,Toy Story Collection,"['Animation', 'Comedy', 'Family']"
8844,Jumanji,,"['Adventure', 'Fantasy', 'Family']"
15602,Grumpier Old Men,Grumpy Old Men Collection,"['Romance', 'Comedy']"
31357,Waiting to Exhale,,"['Comedy', 'Drama', 'Romance']"
11862,Father of the Bride Part II,Father of the Bride Collection,['Comedy']
949,Heat,,"['Action', 'Crime', 'Drama', 'Thriller']"
11860,Sabrina,,"['Comedy', 'Romance']"
45325,Tom and Huck,,"['Action', 'Adventure', 'Drama', 'Family']"
9091,Sudden Death,,"['Action', 'Adventure', 'Thriller']"
710,GoldenEye,James Bond Collection,"['Adventure', 'Action', 'Thriller']"
9087,The American President,,"['Comedy', 'Drama', 'Romance']"
12110,Dracula: Dead and Loving It,,"['Comedy', 'Horror']"
21032,Balto,Balto Collection,"['Family', 'Animation', 'Adventure']"
10858,Nixon,,"['History', 'Drama']"
1408,Cutthroat Island,,"['Action', 'Adventure']"
524,Casino,,"['Drama', 'Crime']"
4584,Sense and Sensibility,,"['Drama', 'Romance']"
5,Four Rooms,,"['Crime', 'Comedy']"
9273,Ace Ventura: When Nature Calls,Ace Ventura Collection,"['Crime', 'Comedy', 'Adventure']"
11517,Money Train,,"['Action', 'Comedy', 'Crime']"
8012,Get Shorty,Chili Palmer Collection,"['Comedy', 'Thriller', 'Crime']"
1710,Copycat,,"['Drama', 'Thriller']"
9691,Assassins,,"['Action', 'Adventure', 'Crime', 'Thriller']"
12665,Powder,,"['Drama', 'Fantasy', 'Science Fiction', 'Thriller']"
451,Leaving Las Vegas,,"['Drama', 'Romance']"
16420,Othello,,['Drama']
9263,Now and Then,,"['Comedy', 'Drama', 'Family']"
17015,Persuasion,,"['Drama', 'Romance']"
902,The City of Lost Children,,"['Fantasy', 'Science Fiction', 'Adventure']"
37557,Shanghai Triad,,"['Drama', 'Crime']"
9909,Dangerous Minds,,"['Drama', 'Crime']"
63,Twelve Monkeys,,"['Science Fiction', 'Thriller', 'Mystery']"
78802,Wings of Courage,,"['Romance', 'Adventure']"
9598,Babe,Babe Collection,"['Fantasy', 'Drama', 'Comedy', 'Family']"
47018,Carrington,,"['History', 'Drama', 'Romance']"
687,Dead Man Walking,,['Drama']
139405,Across the Sea of Time,,"['Adventure', 'History', 'Drama', 'Family']"
33689,It Takes Two,,"['Comedy', 'Family', 'Romance']"
9603,Clueless,,"['Comedy', 'Drama', 'Romance']"
34615,"Cry, the Beloved Country",,['Drama']
31174,Richard III,,"['Drama', 'War']"
11443,Dead Presidents,,"['Action', 'Crime', 'Drama', 'History']"
35196,Restoration,,"['Drama', 'Romance']"
9312,Mortal Kombat,Mortal Kombat Collection,"['Action', 'Fantasy']"
577,To Die For,,"['Fantasy', 'Drama', 'Comedy', 'Thriller']"
11861,How To Make An American Quilt,,"['Drama', 'Romance']"
807,Se7en,,"['Crime', 'Mystery', 'Thriller']"
10530,Pocahontas,Pocahontas Collection,"['Adventure', 'Animation', 'Drama', 'Family']"
8391,When Night Is Falling,,"['Drama', 'Romance']"
629,The Usual Suspects,,"['Drama', 'Crime', 'Thriller']"
117164,Guardian Angel,,"['Action', 'Thriller', 'Drama']"
11448,Mighty Aphrodite,,"['Comedy', 'Romance']"
49133,Lamerica,,"['Drama', 'Foreign']"
26441,The Big Green,,"['Action', 'Adventure', 'Comedy', 'Family']"
97406,Georgia,,['Drama']
124057,Kids of the Round Table,,[]
9089,Home for the Holidays,,"['Comedy', 'Drama', 'Romance']"
11010,The Postman,,"['Comedy', 'Drama', 'Romance']"
99040,The Confessional,,"['Thriller', 'Drama', 'Mystery']"
11359,The Indian in the Cupboard,,"['Adventure', 'Family', 'Fantasy']"
17182,Eye for an Eye,,"['Drama', 'Thriller']"
2054,Mr. Holland's Opus,,"['Music', 'Drama', 'Family']"
10607,Don't Be a Menace to South Central While Drinking Your Juice in the Hood,,['Comedy']
19760,Two If by Sea,,"['Comedy', 'Romance']"
9536,Bio-Dome,,['Comedy']
11525,Lawnmower Man 2: Beyond Cyberspace,The Lawnmower Man Collection,"['Action', 'Science Fiction']"
40628,Two Bits,,"['Drama', 'Family']"
4482,French Twist,,"['Comedy', 'Romance']"
10634,Friday,Friday Collection,['Comedy']
755,From Dusk Till Dawn,From Dusk Till Dawn Collection,"['Horror', 'Action', 'Thriller', 'Crime']"
11859,Fair Game,,"['Action', 'Thriller', 'Romance']"
28387,Kicking and Screaming,,"['Comedy', 'Drama', 'Romance']"
48750,Les Miserables,,"['Drama', 'History']"
20927,Bed of Roses,,"['Drama', 'Romance']"
36929,Big Bully,,"['Comedy', 'Family']"
9102,Screamers,Screamers Collection,"['Horror', 'Science Fiction']"
124626,Nico Icon,,['Documentary']
27526,The Crossing Guard,,"['Drama', 'Thriller']"
9623,The Juror,,"['Drama', 'Thriller']"
46785,The White Balloon,,"['Family', 'Drama']"
400,Things to Do in Denver When You're Dead,,"['Drama', 'Crime']"
880,Antonia's Line,,"['Drama', 'Comedy']"
146599,Once Upon a Time... When We Were Colored,,"['Romance', 'Drama']"
188588,Last Summer in the Hamptons,,[]
8447,Angels and Insects,,"['Drama', 'Romance']"
10534,White Squall,,"['Action', 'Drama']"
17414,Dunston Checks In,,"['Adventure', 'Comedy', 'Family']"
13997,Black Sheep,,['Comedy']
2086,Nick of Time,,"['Crime', 'Drama', 'Thriller']"
61548,The Journey of August King,,['Drama']
9095,Mary Reilly,,"['Drama', 'Horror', 'Thriller', 'Romance']"
12158,Vampire in Brooklyn,,"['Comedy', 'Horror', 'Romance']"
9283,Beautiful Girls,,"['Comedy', 'Drama', 'Romance']"
9208,Broken Arrow,,"['Action', 'Adventure', 'Drama', 'Thriller']"
40154,A Midwinter's Tale,,['Comedy']
406,La Haine,,['Drama']
45549,Shopping,,"['Action', 'Adventure', 'Drama', 'Science Fiction', 'Thriller']"
63076,Heidi Fleiss: Hollywood Madam,,['Documentary']
11062,City Hall,,"['Drama', 'Thriller']"
13685,Bottle Rocket,,"['Comedy', 'Crime', 'Drama']"
47475,Mr. Wrong,,"['Comedy', 'Romance']"
2045,Unforgettable,,"['Drama', 'Mystery', 'Science Fiction', 'Thriller']"
9614,Happy Gilmore,,['Comedy']
688,The Bridges of Madison County,,"['Drama', 'Romance']"
11907,Nobody Loves Me,,"['Drama', 'Comedy', 'Family']"
10874,Muppet Treasure Island,The Muppet Collection,"['Action', 'Comedy', 'Music', 'Family', 'Adventure']"
89333,Catwalk,,['Documentary']
96357,Headless Body in Topless Bar,,['Crime']
197,Braveheart,,"['Action', 'Drama', 'History', 'War']"
103,Taxi Driver,,"['Crime', 'Drama']"
33542,Rumble in the Bronx,,"['Crime', 'Action', 'Comedy', 'Thriller']"
43566,Before and After,,"['Drama', 'Thriller']"
71754,Margaret's Museum,,['Drama']
43612,Happiness Is in the Field,,['Comedy']
51352,Anne Frank Remembered,,"['Documentary', 'Drama', 'Foreign']"
16934,The Young Poisoner's Handbook,,"['Comedy', 'Crime', 'Drama']"
10324,If Lucy Fell,,"['Comedy', 'Romance']"
78406,Steal Big Steal Little,,"['Comedy', 'Drama']"
55731,Race the Sun,,"['Action', 'Adventure', 'Comedy', 'Drama', 'Family']"
32119,The Boys of St. Vincent,,['Drama']
11066,Boomerang,,"['Comedy', 'Romance']"
11104,Chungking Express,,"['Drama', 'Comedy', 'Romance']"
37975,The Star Maker,,"['Drama', 'Romance']"
2074,Flirting with Disaster,,"['Comedy', 'Romance']"
27793,The Neverending Story III: Escape from Fantasia,The Neverending Story Collection,['Fantasy']
44284,The Silences of the Palace,,['Drama']
290157,Jupiter's Wife,,[]
110972,Pie in the Sky,,"['Comedy', 'Romance']"
32622,Angela,,"['Comedy', 'Drama']"
73067,Frankie Starlight,,"['Drama', 'Romance', 'War']"
11863,Jade,,"['Action', 'Thriller', 'Mystery', 'Romance']"
55475,Nueba Yol,,"['Comedy', 'Drama', 'Romance']"
124636,Sonic Outlaws,,"['Music', 'Documentary']"
9101,Down Periscope,,['Comedy']
123360,From the Journals of Jean Seberg,,['Documentary']
5757,Man of the Year,,['Comedy']
39428,The Neon Bible,,['Drama']
124639,Target,,[]
9302,Up Close & Personal,,"['Drama', 'Romance']"
11000,The Birdcage,,['Comedy']
249882,Virgin Mary,,['Drama']
16388,The Brothers McMullen,,"['Comedy', 'Drama', 'Romance']"
9737,Bad Boys,Bad Boys Collection,"['Action', 'Comedy', 'Crime', 'Thriller']"
30765,The Amazing Panda Adventure,,"['Action', 'Adventure', 'Drama', 'Family']"
10474,The Basketball Diaries,,"['Drama', 'Crime']"
22279,An Awfully Big Adventure,,"['Romance', 'Drama', 'Comedy']"
30157,Amateur,,"['Crime', 'Comedy', 'Drama', 'Thriller']"
568,Apollo 13,,['Drama']
11780,Rob Roy,,['Adventure']
34996,The Addiction,,"['Drama', 'Horror']"
414,Batman Forever,Batman Collection,"['Action', 'Crime', 'Fantasy']"
649,Belle de Jour,,"['Drama', 'Romance']"
1873,Beyond Rangoon,,"['Drama', 'Thriller']"
5894,Blue in the Face,Brooklyn Cigar Store Collection,['Comedy']
1775,Canadian Bacon,,"['Action', 'Comedy']"
8839,Casper,Casper Collection,"['Fantasy', 'Comedy', 'Family']"
20649,Clockers,,"['Mystery', 'Crime', 'Drama']"
10329,Congo,,"['Action', 'Adventure', 'Drama', 'Mystery', 'Science Fiction', 'Thriller']"
8963,Crimson Tide,,"['Action', 'Thriller', 'Drama']"
26564,Crumb,,['Documentary']
8068,Desperado,Mexico Trilogy,"['Thriller', 'Action', 'Crime']"
8512,Devil in a Blue Dress,,"['Drama', 'Mystery', 'Thriller']"
1572,Die Hard: With a Vengeance,Die Hard Collection,"['Action', 'Thriller']"
13552,The Doom Generation,Teenage Apocalypse Trilogy,"['Action', 'Comedy', 'Crime', 'Drama']"
259209,Feast of July,,"['Drama', 'Crime']"
6520,First Knight,,"['Action', 'Adventure', 'Drama', 'Romance']"
9073,Free Willy 2 - The Adventure Home,Free Willy Collection,['Adventure']
10428,Hackers,,"['Action', 'Crime', 'Thriller', 'Drama']"
17447,Jeffrey,,"['Comedy', 'Drama', 'Romance']"
9886,Johnny Mnemonic,,"['Adventure', 'Action', 'Drama', 'Science Fiction', 'Thriller']"
9482,Judge Dredd,,['Science Fiction']
19326,Jury Duty,,"['Comedy', 'Drama']"
9344,Kids,,"['Drama', 'Crime']"
9071,Living in Oblivion,,"['Drama', 'Comedy']"
8973,Lord of Illusions,,"['Mystery', 'Horror', 'Thriller']"
15730,Love & Human Remains,,"['Comedy', 'Drama']"
47608,Mad Love,,"['Drama', 'Family', 'Romance']"
2293,Mallrats,,"['Romance', 'Comedy']"
9070,Mighty Morphin Power Rangers: The Movie,Power Rangers Collection,"['Action', 'Adventure', 'Science Fiction', 'Family', 'Fantasy']"
68274,Moonlight and Valentino,,"['Comedy', 'Drama', 'Romance']"
48787,Mute Witness,,"['Thriller', 'Foreign']"
34574,Nadja,,"['Horror', 'Thriller']"
1642,The Net,Síť (kolekce),"['Crime', 'Drama', 'Mystery', 'Thriller', 'Action']"
11472,Nine Months,,['Comedy']
36196,Party Girl,,['Comedy']
11980,The Prophecy,The Prophecy Collection,"['Fantasy', 'Horror', 'Thriller']"
58372,Reckless,,"['Fantasy', 'Comedy', 'Drama']"
32646,Safe,,['Drama']
10533,The Scarlet Letter,,"['Drama', 'History', 'Romance']"
56088,The Show,,['Documentary']
10802,Showgirls,Showgirls Collection,['Drama']
10149,Smoke,Brooklyn Cigar Store Collection,"['Comedy', 'Drama']"
18402,Something to Talk About,,['Comedy']
9348,Species,Species Collection,"['Science Fiction', 'Horror', 'Action']"
139408,The Stars Fell on Henrietta,,['Drama']
281,Strange Days,,"['Crime', 'Drama', 'Science Fiction', 'Thriller']"
5967,The Umbrellas of Cherbourg,,"['Drama', 'Romance']"
79593,The Tie That Binds,,['Thriller']
47939,Three Wishes,,"['Drama', 'Fantasy']"
36834,Total Eclipse,,"['Drama', 'Romance']"
9090,"To Wong Foo, Thanks for Everything! Julie Newmar",,['Comedy']
3512,Under Siege 2: Dark Territory,Under Siege Collection,"['Action', 'Thriller']"
52856,Unstrung Heroes,,"['Comedy', 'Drama', 'Family']"
77350,Unzipped,,['Documentary']
9560,A Walk in the Clouds,,"['Drama', 'Romance']"
9804,Waterworld,,"['Adventure', 'Action']"
31611,White Man's Burden,,['Drama']
65796,Wild Bill,,"['Action', 'Western']"
49805,The Browning Version,,['Drama']
26258,Bushwhacked,,"['Adventure', 'Action', 'Comedy', 'Crime', 'Family']"
50797,Burnt by the Sun,Burnt by the Sun Trilogy,['Drama']
19155,Before the Rain,,"['Drama', 'War']"
76,Before Sunrise,Before... Collection,"['Drama', 'Romance']"
11017,Billy Madison,,['Comedy']
37141,The Babysitter,,"['Drama', 'Thriller']"
9382,Boys on the Side,,"['Comedy', 'Drama']"
6715,The Cure,,"['Drama', 'Family']"
18256,Castle Freak,,"['Thriller', 'Drama', 'Horror', 'Mystery']"
22625,Circle of Friends,,"['Drama', 'Family', 'Romance']"
2292,Clerks,Clerks Collection,['Comedy']
1909,Don Juan DeMarco,,"['Romance', 'Drama', 'Comedy']"
8984,Disclosure,,"['Drama', 'Thriller', 'Crime', 'Mystery', 'Romance']"
61813,Dream Man,,['Thriller']
4954,Drop Zone,,"['Action', 'Adventure', 'Thriller']"
62488,Destiny Turns on the Radio,,"['Crime', 'Comedy', 'Fantasy']"
10531,Death and the Maiden,,"['Drama', 'Thriller', 'Mystery']"
11929,Dolores Claiborne,,"['Crime', 'Drama', 'Mystery']"
8467,Dumb and Dumber,Dumb and Dumber Collection,['Comedy']
10451,Eat Drink Man Woman,,"['Comedy', 'Drama', 'Romance']"
20156,Exotica,,"['Drama', 'Mystery']"
18395,Exit to Eden,,"['Thriller', 'Comedy', 'Crime', 'Romance']"
522,Ed Wood,,"['Comedy', 'Drama', 'History']"
397,French Kiss,,"['Comedy', 'Romance']"
10525,Forget Paris,,"['Comedy', 'Drama', 'Romance']"
27985,Far from Home: The Adventures of Yellow Dog,,"['Action', 'Adventure', 'Drama', 'Family']"
15789,A Goofy Movie,A Goofy Movie Collection,"['Romance', 'Animation', 'Family', 'Comedy', 'Adventure']"
27303,Hideaway,,"['Drama', 'Thriller']"
21183,Fluke,,"['Drama', 'Family', 'Fantasy']"
10954,Farinelli,,"['History', 'Drama']"
47867,Gordy,,"['Drama', 'Family', 'Fantasy']"
43475,Gumby: The Movie,,"['Fantasy', 'Animation', 'Science Fiction', 'Family']"
72031,The Glass Shield,,"['Drama', 'Action', 'Thriller', 'Crime']"
14275,Hoop Dreams,,['Documentary']
1024,Heavenly Creatures,,"['Drama', 'Fantasy']"
17207,Houseguest,,"['Comedy', 'Family']"
13701,Immortal Beloved,,"['Drama', 'Music', 'Romance']"
14819,Heavyweights,,"['Comedy', 'Family', 'Drama']"
32631,The Hunted,,"['Action', 'Thriller']"
11777,I.Q.,,"['Comedy', 'Drama', 'Romance']"
628,Interview with the Vampire,The Vampire Chronicles,"['Horror', 'Romance']"
87729,Jefferson in Paris,,"['Drama', 'Romance']"
18713,The Jerky Boys,,"['Comedy', 'Crime']"
6280,Junior,,"['Comedy', 'Family', 'Romance']"
9061,Just Cause,,"['Action', 'Drama', 'Mystery', 'Thriller']"
37108,A Kid in King Arthur's Court,,"['Adventure', 'Fantasy', 'Comedy', 'Science Fiction', 'Family']"
6071,Kiss of Death,,"['Action', 'Crime', 'Drama', 'Thriller']"
11,Star Wars,Star Wars Collection,"['Adventure', 'Action', 'Science Fiction']"
9587,Little Women,,"['Drama', 'Romance']"
19101,A Little Princess,,"['Drama', 'Family', 'Fantasy']"
49980,Ladybird Ladybird,,['Drama']
17961,L'Enfer,,"['Crime', 'Drama']"
18183,Like Water for Chocolate,,"['Drama', 'Romance']"
4476,Legends of the Fall,,"['Adventure', 'Drama', 'Romance', 'War']"
11008,Major Payne,,"['Adventure', 'Comedy', 'Family']"
47504,Little Odessa,,"['Action', 'Drama']"
32325,Mi Vida Loca,,"['Crime', 'Drama']"
43742,Love Affair,,"['Drama', 'Romance']"
28313,Losing Isaiah,,['Drama']
11318,The Madness of King George,,"['Comedy', 'Drama', 'History']"
3036,Mary Shelley's Frankenstein,,"['Drama', 'Horror', 'Science Fiction', 'Romance']"
40490,Man of the House,,"['Action', 'Comedy', 'Family']"
24070,Mixed Nuts,,"['Comedy', 'Drama', 'Romance']"
8986,Milk Money,,"['Comedy', 'Romance']"
10510,Miracle on 34th Street,,"['Fantasy', 'Drama', 'Family']"
17402,Miami Rhapsody,,"['Comedy', 'Romance']"
38722,My Family,,"['Comedy', 'Drama']"
8438,Murder in the First,,"['Crime', 'Drama']"
11593,Nobody's Fool,,"['Drama', 'Comedy']"
1945,Nell,,"['Drama', 'Thriller']"
39310,New Jersey Drive,,"['Crime', 'Drama']"
109560,New York Cop,,"['Action', 'Thriller', 'Crime', 'Drama']"
56428,Beyond Bedlam,,['Horror']
63105,Nemesis 2 - Nebula,Nemesis Collection,"['Science Fiction', 'Action', 'Thriller']"
131957,Nina Takes a Lover,,"['Drama', 'Romance']"
241,Natural Born Killers,,"['Crime', 'Thriller', 'Drama']"
9058,Only You,,"['Comedy', 'Drama', 'Romance']"
527,Once Were Warriors,Once were Warriors Collection,['Drama']
18220,Poison Ivy II: Lily,Poison Ivy Collection,"['Drama', 'Romance', 'Thriller']"
6950,Outbreak,,"['Action', 'Drama', 'Science Fiction', 'Thriller']"
101,Leon: The Professional,,"['Thriller', 'Crime', 'Drama']"
63020,The Perez Family,,"['Comedy', 'Drama', 'Romance']"
2307,A Pyromaniac's Love Story,,"['Comedy', 'Drama', 'Romance']"
680,Pulp Fiction,,"['Thriller', 'Crime']"
41478,Panther,,['Drama']
25296,Pushing Hands,,"['Comedy', 'Drama']"
40156,Priest,,"['Drama', 'Romance']"
11450,Quiz Show,,"['History', 'Drama']"
30304,Picture Bride,,"['Drama', 'History']"
10452,Queen Margot,,"['Drama', 'History']"
12106,The Quick and the Dead,,"['Action', 'Western']"
161495,Roommates,,"['Drama', 'Comedy']"
3586,Prêt-à-Porter,,"['Drama', 'Comedy']"
110,Three Colors: Red,Three Colors Collection,"['Drama', 'Mystery', 'Romance']"
108,Three Colors: Blue,Three Colors Collection,"['Drama', 'Music', 'Mystery']"
109,Three Colors: White,Three Colors Collection,"['Comedy', 'Drama', 'Mystery']"
159185,"Red Firecracker, Green Firecracker",,['Drama']
36357,Rent-a-Kid,,"['Comedy', 'Family', 'TV Movie']"
92769,Relative Fear,,"['Horror', 'Drama']"
28033,Stuart Saves His Family,,"['Comedy', 'Drama']"
22586,The Swan Princess,Swan Princess Series,['Animation']
14334,The Secret of Roan Inish,,"['Drama', 'Family', 'Fantasy']"
2636,The Specialist,,"['Action', 'Thriller']"
2164,Stargate,,"['Action', 'Adventure', 'Science Fiction']"
11395,The Santa Clause,The Santa Clause Collection,"['Fantasy', 'Drama', 'Comedy', 'Family']"
278,The Shawshank Redemption,,"['Drama', 'Crime']"
9905,Shallow Grave,,"['Crime', 'Thriller']"
87078,Suture,,"['Drama', 'Thriller']"
12527,Strawberry and Chocolate,,"['Comedy', 'Drama']"
20306,Swimming with Sharks,,"['Crime', 'Comedy']"
36614,The Sum of Us,,"['Comedy', 'Drama', 'Romance']"
27993,Senior Trip,,['Comedy']
31439,To Live,,"['Drama', 'Romance', 'War']"
9067,Tank Girl,,"['Action', 'Comedy', 'Fantasy', 'Science Fiction']"
9059,Tales from the Crypt: Demon Knight,Tales from the Crypt Collection,"['Horror', 'Comedy', 'Thriller']"
193,Star Trek: Generations,Star Trek: The Next Generation Collection,"['Science Fiction', 'Action', 'Adventure', 'Thriller']"
25066,Tales from the Hood,,"['Crime', 'Horror', 'Thriller']"
46797,Tom & Viv,,"['Drama', 'Romance']"
12122,Village of the Damned,,"['Thriller', 'Horror', 'Science Fiction']"
11381,Tommy Boy,,['Comedy']
32636,Vanya on 42nd Street,,"['Drama', 'Romance']"
36141,The Underneath,,"['Thriller', 'Crime']"
95963,The Walking Dead,,"['Drama', 'War']"
1587,What's Eating Gilbert Grape,,"['Romance', 'Drama']"
9271,Virtuosity,,"['Action', 'Crime', 'Science Fiction', 'Thriller']"
2064,While You Were Sleeping,,"['Comedy', 'Drama', 'Romance']"
19855,The War,,['Drama']
60855,Double Happiness,,"['Comedy', 'Romance']"
236,Muriel's Wedding,,"['Drama', 'Comedy', 'Romance']"
48287,The Baby-Sitters Club,,"['Comedy', 'Drama', 'Family']"
3049,Ace Ventura: Pet Detective,Ace Ventura Collection,"['Comedy', 'Mystery']"
2759,"The Adventures of Priscilla, Queen of the Desert",,"['Drama', 'Comedy']"
12635,Backbeat,,"['Drama', 'Music']"
10497,Bitter Moon,,"['Thriller', 'Drama', 'Romance']"
11382,Bullets Over Broadway,,"['Action', 'Comedy', 'Thriller']"
9331,Clear and Present Danger,The Jack Ryan Collection,"['Action', 'Drama', 'Thriller']"
10731,The Client,,"['Drama', 'Thriller', 'Crime', 'Mystery']"
10464,"Corrina, Corrina",,"['Comedy', 'Drama', 'Family', 'Romance']"
34152,Crooklyn,,"['Comedy', 'Drama']"
9495,The Crow,The Crow Collection,"['Fantasy', 'Action', 'Thriller']"
29973,Cobb,,['Drama']
888,The Flintstones,The Flintstones (Live-Action) Collection,"['Fantasy', 'Comedy', 'Family']"
13,Forrest Gump,,"['Comedy', 'Drama', 'Romance']"
712,Four Weddings and a Funeral,,"['Comedy', 'Drama', 'Romance']"
16295,Higher Learning,,"['Romance', 'Drama', 'Crime']"
48992,I Like It Like That,,"['Comedy', 'Drama', 'Romance']"
10879,I Love Trouble,,"['Action', 'Comedy', 'Romance']"
10660,It Could Happen to You,,"['Comedy', 'Drama', 'Romance']"
10714,The Jungle Book,,"['Adventure', 'Drama', 'Family']"
41647,"The Wonderful, Horrible Life of Leni Riefenstahl",,"['Documentary', 'Foreign']"
8587,The Lion King,The Lion King Collection,"['Family', 'Animation', 'Drama']"
1689,Little Buddha,,"['Drama', 'History']"
11596,New Nightmare,A Nightmare on Elm Street Collection,"['Horror', 'Thriller', 'Mystery', 'Fantasy']"
854,The Mask,The Mask Collection,"['Romance', 'Comedy', 'Crime', 'Fantasy']"
9359,Maverick,,"['Action', 'Adventure', 'Comedy', 'Drama', 'Western']"
23333,Mrs. Parker and the Vicious Circle,,['Drama']
36593,The Naked Gun 33⅓: The Final Insult,Naked Gun Collection,"['Comedy', 'Crime']"
12280,The Paper,,"['Comedy', 'Drama']"
2788,Reality Bites,,['Drama']
10427,Red Rock West,,"['Crime', 'Drama', 'Thriller']"
11011,Ri¢hie Ri¢h,Richie Rich Collection,"['Comedy', 'Family']"
49803,Safe Passage,,['Drama']
8987,The River Wild,,"['Action', 'Adventure', 'Crime', 'Thriller']"
1637,Speed,Speed Collection,"['Action', 'Adventure', 'Crime']"
15128,Speechless,,"['Comedy', 'Romance']"
8831,Timecop,Timecop Collection,"['Thriller', 'Science Fiction', 'Action', 'Crime']"
36955,True Lies,,"['Action', 'Thriller']"
10449,When a Man Loves a Woman,,"['Drama', 'Romance']"
10395,Wolf,,['Fantasy']
12160,Wyatt Earp,,"['Drama', 'Action', 'Western']"
40480,Bad Company,,"['Action', 'Crime', 'Romance', 'Thriller']"
52038,A Man of No Importance,,"['Comedy', 'Drama']"
29444,S.F.W.,,"['Comedy', 'Drama']"
26352,A Low Down Dirty Shame,,"['Action', 'Comedy', 'Crime']"
39953,"Boys Life: Three Stories of Love, Lust, and Liberation",,['Drama']
41580,Colonel Chabert,,['Drama']
315,"Faster, Pussycat! Kill! Kill!",,"['Action', 'Crime']"
22067,Jason's Lyric,,"['Crime', 'Drama', 'Romance']"
18242,The Secret Adventures of Tom Thumb,,"['Animation', 'Science Fiction']"
11667,Street Fighter,Street Fighter,"['Action', 'Adventure', 'Thriller']"
32502,Coldblooded,,"['Action', 'Comedy']"
267188,Desert Winds,,[]
28732,Fall Time,,"['Action', 'Adventure', 'Crime', 'Drama', 'Thriller']"
75555,The Fear,Fear Collection,"['Horror', 'Thriller']"
42981,Frank and Ollie,,['Documentary']
278939,Girl in the Cadillac,,"['Romance', 'Adventure', 'Crime', 'Drama']"
291731,Homage,,"['Thriller', 'Drama']"
226229,Mirage,,"['Action', 'Thriller']"
203119,Open Season,,['Comedy']
172923,Dos Crímenes,,[]
316098,Brother Minister: The Assassination of Malcolm X,,['Documentary']
8011,Highlander: The Final Dimension,Highlander Collection,"['Action', 'Fantasy', 'Science Fiction']"
171857,Federal Hill,,[]
2654,In the Mouth of Madness,,"['Horror', 'Mystery', 'Thriller']"
18069,8 Seconds,,"['Drama', 'Romance']"
19092,Above the Rim,,"['Crime', 'Drama']"
2758,Addams Family Values,Addams Family Collection,"['Comedy', 'Family', 'Fantasy']"
38129,Martin Lawrence: You So Crazy,,['Comedy']
10436,The Age of Innocence,,"['Drama', 'Romance']"
13595,Airheads,,"['Comedy', 'Crime', 'Music']"
46094,The Air Up There,,"['Comedy', 'Family']"
9409,Another Stakeout,Stakeout Collection,"['Action', 'Comedy']"
11853,Bad Girls,,"['Action', 'Adventure', 'Comedy', 'Drama', 'Western']"
16771,Barcelona,,"['Comedy', 'Drama', 'Romance']"
46924,Being Human,,"['Drama', 'Comedy', 'Fantasy']"
11041,The Beverly Hillbillies,,['Comedy']
306,Beverly Hills Cop III,Beverly Hills Cop Collection,"['Action', 'Comedy', 'Crime']"
14522,Black Beauty,,"['Action', 'Adventure', 'Drama', 'Family']"
26203,Blink,,"['Mystery', 'Crime', 'Drama', 'Thriller']"
178,Blown Away,,"['Drama', 'Action', 'Thriller']"
19819,Blue Chips,,['Drama']
57834,Blue Sky,,"['Drama', 'Romance']"
4722,Body Snatchers,,"['Horror', 'Science Fiction', 'Thriller']"
18215,Boxing Helena,,"['Drama', 'Romance']"
1607,A Bronx Tale,,"['Drama', 'Crime']"
26391,Cabin Boy,,['Comedy']
117553,Calendar Girl,,"['Drama', 'Comedy']"
6075,Carlito's Way,,"['Action', 'Crime', 'Drama', 'Thriller']"
11310,City Slickers II: The Legend of Curly's Gold,City Slickers Collection,"['Action', 'Comedy', 'Drama', 'Western']"
18658,Clean Slate,,"['Comedy', 'Thriller', 'Mystery']"
9350,Cliffhanger,,"['Action', 'Adventure', 'Thriller']"
9612,Coneheads,,"['Comedy', 'Science Fiction', 'Family']"
2124,Color of Night,,"['Drama', 'Mystery', 'Romance', 'Thriller']"
26261,Cops & Robbersons,,"['Action', 'Comedy', 'Family']"
19176,The Cowboy Way,,"['Western', 'Action', 'Comedy']"
49299,Dangerous Game,,['Drama']
11566,Dave,,['Comedy']
9571,Dazed and Confused,,"['Comedy', 'Drama']"
9739,Demolition Man,,"['Crime', 'Action', 'Science Fiction']"
24257,The Endless Summer 2,The Endless Summer Collection,['Documentary']
34444,Even Cowgirls Get the Blues,,"['Western', 'Drama', 'Comedy', 'Romance']"
26141,Fatal Instinct,,['Comedy']
10997,Farewell My Concubine,,['Drama']
50463,The Favor,,"['Drama', 'Comedy', 'Romance']"
10443,Fearless,,['Drama']
20239,Fear of a Black Hat,,['Comedy']
16297,With Honors,,"['Comedy', 'Drama']"
18551,Flesh and Bone,,"['Drama', 'Mystery', 'Romance']"
25440,Widows' Peak,,"['Comedy', 'Thriller', 'Mystery', 'Romance', 'Foreign']"
9024,For Love or Money,,"['Comedy', 'Romance']"
37233,The Firm,,"['Drama', 'Mystery', 'Thriller']"
1634,Free Willy,Free Willy Collection,"['Family', 'Adventure']"
13815,Fresh,,"['Crime', 'Drama', 'Thriller']"
5503,The Fugitive,The Fugitive / U.S. Marshals Collection,"['Adventure', 'Action', 'Thriller', 'Crime', 'Mystery']"
35588,Geronimo: An American Legend,,"['History', 'Action', 'Drama', 'Western']"
2087,The Getaway,,"['Drama', 'Action', 'Thriller']"
41579,Getting Even with Dad,,"['Family', 'Comedy', 'Crime']"
18620,Go Fish,,"['Drama', 'Romance']"
41006,A Good Man in Africa,,"['Comedy', 'Drama']"
4916,Guilty as Sin,,"['Drama', 'Thriller']"
2019,Hard Target,Hard Target Collection,"['Action', 'Adventure', 'Crime', 'Thriller']"
31642,Heaven & Earth,,"['History', 'War', 'Action', 'Drama']"
9255,Hot Shots! Part Deux,Hot Shots! Collection,"['Action', 'Comedy', 'War']"
26271,Live Nude Girls,,['Comedy']
10612,The Englishman Who Went Up a Hill But Came Down a Mountain,,"['Drama', 'Comedy', 'Romance']"
2259,The House of the Spirits,,"['Romance', 'Drama']"
16097,House Party 3,House Party Collection,['Comedy']
11934,The Hudsucker Proxy,,"['Comedy', 'Drama']"
106143,I'll Do Anything,,"['Comedy', 'Drama']"
12475,In the Army Now,,['Comedy']
9386,In the Line of Fire,,"['Action', 'Drama', 'Thriller', 'Crime', 'Mystery']"
7984,In the Name of the Father,,['Drama']
59930,The Inkwell,,"['Comedy', 'Drama', 'Romance']"
15765,What's Love Got to Do with It,,"['Drama', 'Music']"
31643,Jimmy Hollywood,,['Comedy']
6,Judgment Night,,"['Action', 'Thriller', 'Crime']"
329,Jurassic Park,Jurassic Park Collection,"['Adventure', 'Science Fiction']"
10909,Kalifornia,,"['Thriller', 'Crime']"
507,Killing Zoe,,"['Action', 'Crime', 'Drama', 'Thriller']"
34024,King of the Hill,,['Drama']
29918,Lassie,,"['Action', 'Adventure', 'Drama', 'Family']"
9593,Last Action Hero,,"['Adventure', 'Fantasy', 'Action', 'Comedy', 'Family']"
42580,Life With Mikey,,"['Comedy', 'Family']"
22317,Lightning Jack,,"['Action', 'Comedy', 'Western']"
1413,M. Butterfly,,"['Drama', 'Romance']"
12121,Made in America,,['Comedy']
2246,Malice,,"['Drama', 'Crime']"
10502,The Man without a Face,,['Drama']
10440,Manhattan Murder Mystery,,"['Comedy', 'Mystery']"
9516,Menace II Society,,"['Drama', 'Action', 'Crime']"
2320,Executive Decision,,"['Action', 'Adventure', 'Drama', 'Thriller']"
5879,In the Realm of the Senses,,"['Drama', 'Romance']"
83718,What Happened Was...,,"['Thriller', 'Comedy', 'Drama', 'Romance']"
11971,Much Ado About Nothing,,"['Drama', 'Comedy', 'Romance']"
2625,Mr. Jones,,"['Drama', 'Romance']"
31911,Mr. Wonderful,,"['Comedy', 'Romance']"
788,Mrs. Doubtfire,,"['Comedy', 'Drama', 'Family']"
21450,Naked,,"['Comedy', 'Drama']"
11231,The Next Karate Kid,The Karate Kid Collection,['Adventure']
41588,The New Age,,"['Comedy', 'Drama']"
10447,No Escape,,"['Action', 'Drama', 'Science Fiction', 'Thriller']"
31586,North,,"['Comedy', 'Drama', 'Family', 'Fantasy', 'Science Fiction']"
9300,Orlando,,"['Romance', 'Drama', 'Fantasy']"
9559,A Perfect World,,"['Crime', 'Drama', 'Thriller']"
9800,Philadelphia,,['Drama']
713,The Piano,,"['Drama', 'Romance']"
8291,Poetic Justice,,"['Drama', 'Romance']"
18133,The Program,,['Drama']
25557,The Puppet Masters,,"['Horror', 'Science Fiction', 'Thriller']"
22588,Radioland Murders,,"['Comedy', 'Crime', 'Drama', 'Music', 'Mystery', 'Romance']"
10872,The Ref,,['Comedy']
1245,The Remains of the Day,,"['Drama', 'Romance']"
11858,Renaissance Man,,"['Comedy', 'War']"
7007,Rising Sun,,"['Action', 'Drama', 'Thriller']"
10467,The Road to Wellville,,"['Comedy', 'Romance']"
5550,RoboCop 3,RoboCop Collection,"['Action', 'Adventure', 'Crime', 'Science Fiction', 'Thriller']"
8005,Robin Hood: Men in Tights,,['Comedy']
2088,Romeo Is Bleeding,,"['Action', 'Crime', 'Drama', 'Thriller']"
10412,Romper Stomper,,"['Action', 'Drama', 'Thriller']"
47889,Ruby in Paradise,,"['Drama', 'Romance']"
14534,Rudy,,['Drama']
56583,The Saint of Fort Washington,,['Drama']
41878,Savage Nights,,['Drama']
424,Schindler's List,,"['Drama', 'History', 'War']"
35233,The Scout,,"['Comedy', 'Drama']"
14291,Searching for Bobby Fischer,,['Drama']
103413,Second Best,,['Drama']
11236,The Secret Garden,The Secret Garden Collection,"['Drama', 'Family', 'Fantasy']"
11592,Serial Mom,,"['Comedy', 'Crime', 'Horror', 'Thriller']"
8850,The Shadow,The Shadow Collection,"['Adventure', 'Fantasy', 'Action', 'Thriller', 'Science Fiction']"
10445,Shadowlands,,"['Drama', 'Romance']"
695,Short Cuts,,"['Comedy', 'Drama']"
43535,A Simple Twist of Fate,,"['Drama', 'Family']"
12519,Sirens,,"['Comedy', 'Drama']"
23210,Six Degrees of Separation,,"['Mystery', 'Drama', 'Comedy']"
858,Sleepless in Seattle,,"['Comedy', 'Drama', 'Romance']"
867,Sliver,,"['Drama', 'Thriller']"
78,Blade Runner,Blade Runner Collection,"['Science Fiction', 'Drama', 'Thriller']"
13203,Son in Law,,"['Comedy', 'Drama', 'Romance']"
10442,So I Married an Axe Murderer,,"['Comedy', 'Crime', 'Romance']"
11074,Striking Distance,,"['Crime', 'Action', 'Mystery', 'Thriller']"
33367,Harem,,"['History', 'Drama', 'Romance']"
9607,Super Mario Bros.,,"['Adventure', 'Comedy', 'Family', 'Fantasy']"
17585,Surviving the Game,,"['Action', 'Adventure', 'Thriller', 'Crime']"
9057,Terminal Velocity,,"['Action', 'Thriller']"
20967,Thirty Two Short Films About Glenn Gould,,"['Drama', 'Music']"
10635,Threesome,,"['Comedy', 'Drama', 'Family', 'Romance']"
9479,The Nightmare Before Christmas,,"['Fantasy', 'Animation', 'Family']"
10057,The Three Musketeers,,"['Action', 'Adventure', 'Comedy']"
11969,Tombstone,,"['Action', 'Adventure', 'Drama', 'History', 'Western']"
41590,Trial by Jury,,"['Drama', 'Action', 'Thriller']"
319,True Romance,,"['Action', 'Thriller', 'Crime', 'Romance']"
26408,The War Room,,"['Documentary', 'History']"
15139,The Pagemaster,,"['Fantasy', 'Science Fiction', 'Family', 'Animation']"
161158,"Paris, France",,"['Drama', 'Comedy']"
218473,"The Beans of Egypt, Maine",,[]
85247,Killer,,"['Thriller', 'Drama', 'Romance']"
11446,Welcome to the Dollhouse,,"['Comedy', 'Drama']"
51980,Germinal,,"['Drama', 'Romance']"
24405,Chasers,,"['Comedy', 'Romance']"
11655,Cronos,,"['Drama', 'Horror', 'Thriller']"
11800,Naked in New York,,"['Comedy', 'Romance']"
8223,Kika,,"['Comedy', 'Drama']"
14587,Bhaji on the Beach,,"['Comedy', 'Drama']"
31504,Little Big League,,"['Comedy', 'Family']"
41653,The Slingshot,,['Drama']
53185,Wide Eyed and Legless,,"['TV Movie', 'Drama', 'Romance', 'Comedy']"
95743,Foreign Student,,"['Drama', 'Romance']"
23637,"Ciao, Professore!",,"['Comedy', 'Foreign']"
17600,Spanking the Monkey,,"['Comedy', 'Drama']"
10897,The Little Rascals,,"['Romance', 'Comedy', 'Family']"
349394,À la mode,,['Comedy']
21352,Andre,,"['Drama', 'Family', 'Adventure']"
68806,The Escort,,"['Thriller', 'Crime', 'Drama']"
37345,Princess Caraboo,,"['Comedy', 'Drama', 'History', 'Mystery']"
32562,The Celluloid Closet,,"['History', 'Documentary']"
47507,Café au Lait,,"['Drama', 'Comedy', 'Romance', 'Foreign']"
25403,Dear Diary,,"['Comedy', 'Drama']"
124304,I Don't Want to Talk About It,,"['Romance', 'Drama']"
9066,The Brady Bunch Movie,The Brady Bunch Collection,['Comedy']
771,Home Alone,Home Alone Collection,"['Comedy', 'Family']"
251,Ghost,,"['Fantasy', 'Drama', 'Thriller', 'Mystery', 'Romance']"
812,Aladdin,Aladdin Collection,"['Animation', 'Family', 'Comedy', 'Adventure', 'Fantasy', 'Romance']"
280,Terminator 2: Judgment Day,The Terminator Collection,"['Action', 'Thriller', 'Science Fiction']"
581,Dances with Wolves,,"['Adventure', 'Drama', 'Western']"
80350,Tough and Deadly,,"['Thriller', 'Action', 'Drama']"
268,Batman,Batman Collection,"['Fantasy', 'Action']"
274,The Silence of the Lambs,The Hannibal Lecter Anthology,"['Crime', 'Drama', 'Thriller']"
408,Snow White and the Seven Dwarfs,,"['Fantasy', 'Animation', 'Family']"
10020,Beauty and the Beast,Beauty and the Beast Collection,"['Romance', 'Family', 'Animation', 'Fantasy', 'Music']"
10895,Pinocchio,,"['Animation', 'Family']"
114,Pretty Woman,,"['Romance', 'Comedy']"
41043,Window to Paris,,"['Comedy', 'Drama', 'Fantasy']"
576,The Wild Bunch,,"['Adventure', 'Western']"
15477,Love and a .45,,"['Crime', 'Thriller']"
59146,The Wooden Man's Bride,,"['Drama', 'Foreign', 'Romance']"
124472,A Great Day in Harlem,,[]
30528,Bye Bye Love,,"['Comedy', 'Romance']"
7300,One Fine Day,,"['Comedy', 'Romance']"
10824,Candyman: Farewell to the Flesh,Candyman Collection,['Horror']
261246,Century,,"['Romance', 'Drama']"
275,Fargo,,"['Crime', 'Drama', 'Thriller']"
25059,Homeward Bound II: Lost in San Francisco,Homeward Bound Collection,"['Adventure', 'Comedy', 'Drama', 'Family']"
11827,Heavy Metal,Heavy Metal Collection,"['Animation', 'Science Fiction']"
8766,Hellraiser: Bloodline,Hellraiser Collection,"['Horror', 'Thriller', 'Science Fiction']"
23570,The Pallbearer,,"['Comedy', 'Romance']"
47333,Jane Eyre,,"['Drama', 'Romance']"
54850,Loaded,,"['Drama', 'Mystery', 'Thriller']"
51242,Bread and Chocolate,,"['Comedy', 'Foreign']"
10112,The Aristocats,,"['Animation', 'Comedy', 'Family', 'Adventure']"
4307,The Flower of My Secret,,"['Drama', 'Romance']"
46029,Two Much,,"['Comedy', 'Romance']"
32308,Ed,,"['Comedy', 'Family']"
88893,Scream of Stone,,"['Adventure', 'Drama', 'Documentary']"
52873,My Favorite Season,,['Drama']
123505,A Modern Affair,,[]
340210,Condition Red,,"['Thriller', 'Action', 'Drama']"
44281,Halfaouine: Boy of the Terraces,,"['Comedy', 'Drama']"
28121,A Thin Line Between Love and Hate,,"['Comedy', 'Thriller', 'Crime', 'Romance']"
12520,The Last Supper,,"['Comedy', 'Thriller', 'Crime', 'Drama']"
1592,Primal Fear,,"['Crime', 'Drama', 'Mystery', 'Thriller']"
166901,Rude,,[]
36447,Carried Away,,"['Drama', 'Romance']"
19042,All Dogs Go to Heaven 2,All Dogs Go to Heaven Collection,"['Romance', 'Animation', 'Family', 'Adventure', 'Fantasy']"
38884,Land and Freedom,,"['Drama', 'History', 'War', 'Romance']"
47449,Denise Calls Up,,['Comedy']
36259,Theodore Rex,,"['Fantasy', 'Science Fiction', 'Family']"
41852,A Family Thing,,"['Comedy', 'Drama']"
40926,Frisk,,"['Drama', 'Thriller']"
9099,Sgt. Bilko,,"['Comedy', 'Family']"
2021,Jack & Sarah,,"['Comedy', 'Drama', 'Romance']"
61752,Girl 6,,['Comedy']
10988,Diabolique,,"['Drama', 'Horror', 'Mystery', 'Thriller']"
11479,"Little Indian, Big City",,"['Adventure', 'Drama', 'Comedy', 'Family']"
398959,Roula,,"['Romance', 'Drama']"
287305,Peanuts – Die Bank zahlt alles,,['Comedy']
339428,Happy Weekend,,['Comedy']
12652,Nelly and Monsieur Arnaud,,"['Drama', 'Romance']"
10684,Courage Under Fire,,"['Drama', 'Thriller', 'Mystery', 'War']"
954,Mission: Impossible,Mission: Impossible Collection,"['Adventure', 'Action', 'Thriller']"
68445,Cold Fever,,"['Drama', 'Comedy']"
18989,Moll Flanders,,"['Drama', 'Romance']"
10801,The Superwife,,['Comedy']
54285,"301, 302",,"['Horror', 'Mystery', 'Thriller']"
8840,DragonHeart,DragonHeart Collection,['Fantasy']
278978,Und keiner weint mir nach,,['Drama']
124625,My Mother's Courage,,['Drama']
11107,Eddie,,"['Action', 'Comedy']"
16417,Yankee Zulu,,"['Drama', 'Comedy']"
70934,Billy's Holiday,,[]
10363,Purple Noon,,"['Crime', 'Drama', 'Thriller']"
161070,August,,"['Romance', 'Comedy', 'Drama']"
10539,James and the Giant Peach,,"['Adventure', 'Animation', 'Family']"
10543,Fear,,"['Drama', 'Thriller', 'Romance']"
18414,Kids in the Hall: Brain Candy,,['Comedy']
47502,Faithful,,"['Comedy', 'Crime', 'Drama']"
11902,Underground,,"['War', 'Drama', 'Comedy']"
27098,All Things Fair,,"['War', 'Drama', 'Romance']"
25087,Bloodsport II,Bloodsport Collection,"['Action', 'Thriller']"
5801,Pather Panchali,The Apu Collection,['Drama']
896,The World of Apu,The Apu Collection,['Drama']
3065,Mystery Science Theater 3000: The Movie,,"['Comedy', 'Science Fiction']"
318177,Tarantella,,[]
2300,Space Jam,,"['Animation', 'Comedy', 'Drama', 'Family', 'Fantasy']"
8069,Barbarella,,['Science Fiction']
288173,Hostile Intentions,,"['Thriller', 'Action', 'Drama']"
187851,They Bite,,"['Comedy', 'Horror', 'Science Fiction']"
27768,Some Folks Call It a Sling Blade,,"['Drama', 'Thriller']"
221917,The Run of the Country,,"['Drama', 'Romance']"
8072,Alphaville,Lemmy Caution Collection,"['Drama', 'Science Fiction', 'Mystery']"
35797,Coup de Torchon,,['Drama']
88030,Tigrero: A Film That Was Never Made,,"['Documentary', 'Foreign']"
185191,The Eye of Vichy,,[]
83857,Windows,,"['Horror', 'Drama', 'Thriller']"
33245,It's My Party,,['Drama']
124460,Country Life,,"['Drama', 'Romance']"
27281,Operation Dumbo Drop,,"['Action', 'Adventure', 'Comedy', 'Family']"
105045,The Promise,,"['Drama', 'Romance']"
40001,Mrs. Winterbourne,,"['Comedy', 'Romance', 'Drama']"
29621,Solo,,"['Action', 'Adventure', 'Science Fiction', 'Thriller']"
117730,Under The Domim Tree,,"['Drama', 'Foreign']"
20762,The Substitute,The Substitute Collection,"['Action', 'Thriller']"
37144,True Crime,,"['Crime', 'Mystery', 'Thriller']"
48260,Butterfly Kiss,,"['Crime', 'Drama', 'Romance', 'Thriller']"
12656,Feeling Minnesota,,"['Action', 'Comedy', 'Drama', 'Thriller']"
38867,Delta of Venus,,"['Drama', 'Romance']"
277270,To Cross the Rubicon,,[]
25969,Angus,,"['Comedy', 'Drama', 'Family', 'Romance']"
44103,Priest Daens,,"['Drama', 'History']"
753,Faces,,['Drama']
43634,Boys,,"['Romance', 'Drama', 'Mystery']"
9103,The Quest,,"['Action', 'Adventure']"
90214,Cosi,,"['Comedy', 'Romance']"
29649,Sunset Park,,['Drama']
10990,Mulholland Falls,,"['Drama', 'Mystery', 'Thriller']"
8866,The Truth About Cats & Dogs,,"['Comedy', 'Romance']"
12233,Oliver & Company,,"['Animation', 'Comedy', 'Family']"
23449,Celtic Pride,,['Comedy']
36355,Flipper,,"['Adventure', 'Family']"
37667,Captives,,"['Drama', 'Thriller', 'Mystery', 'Romance']"
90148,Of Love and Shadows,,['Drama']
922,Dead Man,,"['Drama', 'Fantasy', 'Western']"
11876,The Horseman on the Roof,,"['War', 'Adventure', 'Drama', 'Romance']"
52633,Switchblade Sisters,,"['Action', 'Crime', 'Drama']"
62364,Mouth to Mouth,,"['Comedy', 'Foreign']"
11687,The Visitors,The Visitors Collection,"['Fantasy', 'Comedy', 'Science Fiction']"
9304,Multiplicity,,"['Comedy', 'Fantasy', 'Science Fiction']"
73183,"The Haunted World of Edward D. Wood, Jr.",,['Documentary']
131232,Two Friends,,"['Drama', 'Foreign']"
9100,The Craft,,"['Drama', 'Fantasy', 'Horror', 'Thriller']"
20759,The Great White Hype,,"['Comedy', 'Drama']"
46063,Last Dance,,"['Drama', 'Thriller']"
32513,Cold Comfort Farm,,"['Comedy', 'Drama', 'Romance']"
40651,"Institute Benjamenta, or This Dream People Call Human Life",,"['Animation', 'Drama']"
36915,Heaven's Prisoners,,"['Drama', 'Mystery', 'Thriller']"
40507,Original Gangstas,,"['Action', 'Drama', 'Crime', 'Thriller']"
9802,The Rock,,"['Action', 'Adventure', 'Thriller']"
25697,Getting Away with Murder,,['Comedy']
21588,Cemetery Man,,"['Fantasy', 'Drama', 'Horror', 'Comedy']"
664,Twister,,"['Action', 'Adventure', 'Drama']"
11867,Barb Wire,,"['Action', 'Science Fiction']"
47119,Le Garçu,,['Drama']
314352,Honeymoon,,['Comedy']
9323,Ghost in the Shell,Ghost in the Shell Collection,"['Action', 'Animation', 'Science Fiction']"
10280,Thinner,,"['Horror', 'Thriller']"
10535,Spy Hard,,"['Action', 'Comedy']"
124613,Brothers in Trouble,,"['Comedy', 'Drama']"
532,A Close Shave,Wallace & Gromit Collection,"['Family', 'Animation', 'Comedy']"
26744,Force of Evil,,"['Drama', 'Action', 'Crime']"
16299,The Stupids,,"['Comedy', 'Family']"
10547,The Arrival,The Arrival Collection,"['Action', 'Mystery', 'Science Fiction', 'Thriller']"
245268,The Man from Down Under,,"['Drama', 'War']"
935,Dr. Strangelove or: How I Learned to Stop Worrying and Love the Bomb,,"['Drama', 'Comedy', 'War']"
55613,Careful,,"['Horror', 'Comedy', 'Drama', 'Fantasy']"
41007,A Month by the Lake,,"['Comedy', 'Drama', 'Romance']"
35645,Gold Diggers: The Secret of Bear Mountain,,['Drama']
110465,Kim,,"['Family', 'Adventure']"
255546,Carmen Miranda: Bananas Is My Business,,['Documentary']
40751,Ashes of Time,,"['Drama', 'Action']"
275096,The Jar,,[]
85778,Maya Lin: A Strong Clear Vision,,['Documentary']
11101,Stalingrad,,"['Drama', 'History', 'War']"
9826,The Phantom,,"['Adventure', 'Action']"
9879,Striptease,,"['Drama', 'Thriller', 'Crime']"
63564,The Last of the High Kings,,"['Drama', 'Comedy']"
22621,Heavy,,"['Drama', 'Romance']"
7095,Jack,,"['Comedy', 'Drama', 'Science Fiction']"
26890,I Shot Andy Warhol,,['Drama']
46732,The Grass Harp,,"['Comedy', 'Drama', 'Family']"
124633,Someone Else's America,,['Drama']
202425,Life is Rosy,,"['Music', 'Romance']"
196940,Quartier Mozart,,[]
77771,Touki Bouki,"Martin Scorsese’s World Cinema Project, Vol. 1","['Drama', 'Romance']"
181083,God's Gift,,['Drama']
41225,Spirits of the Dead,,"['Drama', 'Mystery', 'Horror']"
188589,Babyfever,,[]
87190,Pharaoh's  Army,,"['Western', 'Drama', 'War']"
627,Trainspotting,Trainspotting Collection,"['Drama', 'Crime']"
32872,Til There Was You,,"['Comedy', 'Romance']"
602,Independence Day,Independence Day Collection,"['Action', 'Adventure', 'Science Fiction']"
14553,Stealing Beauty,,"['Drama', 'Romance']"
9566,The Fan,,"['Drama', 'Mystery', 'Thriller']"
10545,The Hunchback of Notre Dame,The Hunchback of Notre Dame Collection,"['Drama', 'Animation', 'Family']"
9894,The Cable Guy,,"['Comedy', 'Drama', 'Thriller']"
11543,Kingpin,,['Comedy']
9268,Eraser,,"['Action', 'Drama', 'Mystery', 'Thriller']"
52059,The Gate of Heavenly Peace,,['Documentary']
9327,The Nutty Professor,The Nutty Professor Collection,"['Fantasy', 'Comedy', 'Romance', 'Science Fiction']"
123763,"I, the Worst of All",,"['Drama', 'Foreign']"
81949,An Unforgettable Summer,,"['Drama', 'Romance', 'War']"
42005,A Hungarian Fairy Tale,,[]
124306,My Life and Times With Antonin Artaud,,[]
183955,Midnight Dancers,,[]
44535,Somebody to Love,,"['Comedy', 'Drama']"
44495,A Very Natural Thing,,['Drama']
78285,The Old Lady Who Walked in the Sea,,['Comedy']
11228,Daylight,,"['Action', 'Adventure', 'Thriller']"
10779,The Frighteners,,"['Horror', 'Comedy']"
26748,Lone Star,,"['Drama', 'Mystery', 'Romance']"
38223,Harriet the Spy,,"['Comedy', 'Drama', 'Family']"
9294,Phenomenon,,"['Drama', 'Fantasy', 'Romance', 'Science Fiction']"
49963,Walking and Talking,,"['Comedy', 'Drama', 'Romance']"
11363,She's the One,,"['Comedy', 'Romance']"
1645,A Time to Kill,,"['Crime', 'Drama', 'Thriller']"
31546,American Buffalo,,['Drama']
77056,Rendezvous in Paris,,"['Romance', 'Comedy']"
36344,Alaska,,['Adventure']
18550,Fled,,"['Action', 'Comedy', 'Thriller']"
11511,Kazaam,,"['Fantasy', 'Comedy', 'Science Fiction', 'Family']"
172198,Magic Hunter,,[]
34170,Larger Than Life,,"['Family', 'Comedy']"
281085,A Boy Called Hate,,[]
109478,Power 98,,"['Action', 'Mystery', 'Thriller']"
124645,Two Deaths,,"['War', 'Drama']"
12606,A Very Brady Sequel,The Brady Bunch Collection,['Comedy']
69895,Stefano Quantestorie,,['Comedy']
35206,Death in the Garden,,"['Adventure', 'Drama']"
151489,Hedd Wyn,,"['War', 'Drama']"
4837,La Collectionneuse,,"['Drama', 'Comedy', 'Romance']"
12632,Kaspar Hauser,,"['Drama', 'Foreign']"
9098,Regular Guys,,"['Comedy', 'Foreign']"
282919,Diebinnen,,['Drama']
124614,The Convent,,['Thriller']
18975,The Adventures of Pinocchio,,"['Animation', 'Family', 'Fantasy']"
11962,Joe's Apartment,,"['Fantasy', 'Comedy', 'Music']"
2925,The First Wives Club,,['Comedy']
28628,Stonewall,,"['Romance', 'Drama', 'Comedy']"
3595,Ransom,,"['Action', 'Thriller']"
9308,High School High,,['Comedy']
92381,Phat Beach,,['Comedy']
18555,Foxfire,,"['Action', 'Drama', 'Thriller']"
12123,Chain Reaction,,"['Action', 'Drama', 'Science Fiction', 'Thriller']"
10830,Matilda,,"['Comedy', 'Family', 'Fantasy']"
3573,Emma,,"['Drama', 'Comedy', 'Romance']"
10546,The Crow: City of Angels,The Crow Collection,"['Action', 'Fantasy', 'Thriller']"
18862,House Arrest,,"['Comedy', 'Family']"
31417,Eyes Without a Face,,"['Drama', 'Horror', 'Thriller']"
9431,Bordello of Blood,Tales from the Crypt Collection,"['Horror', 'Comedy']"
124619,Lotto Land,,['Drama']
297645,The Story of Xinghua,,[]
48144,The Day the Sun Turned Cold,,[]
46986,Flirt,,"['Drama', 'Romance']"
144982,The Big Squeeze,,['Drama']
47907,The Spitfire Grill,,"['Comedy', 'Drama']"
10061,Escape from L.A.,Escape From ... Collection,"['Action', 'Adventure', 'Science Fiction', 'Thriller']"
36266,Cyclo,,"['Crime', 'Drama']"
549,Basquiat,,"['Drama', 'History']"
10478,Tin Cup,,"['Comedy', 'Drama', 'Romance']"
66634,Dingo,,"['Drama', 'Music']"
116690,The Ballad of Narayama,,['Drama']
213917,Every Other Weekend,,['Drama']
145925,Mille bolle blu,,[]
100914,Crows and Sparrows,,[]
238,The Godfather,The Godfather Collection,"['Drama', 'Crime']"
159,Maybe... Maybe Not,,"['Comedy', 'Drama']"
11134,Police Story 3: Supercop,Police Story Collection,"['Action', 'Crime', 'Thriller']"
88224,Manny & Lo,,"['Drama', 'Comedy']"
132641,Wife,,['Drama']
42758,Small Faces,,[]
9303,Bound,,"['Crime', 'Drama', 'Romance', 'Thriller']"
23945,Carpool,,"['Comedy', 'Family']"
37820,Death in Brunswick,,['Drama']
22479,Kansas City,,"['Thriller', 'Drama', 'Music', 'Crime']"
9054,Gone Fishin',,"['Comedy', 'Family']"
241058,Lover's Knot,,"['Romance', 'Comedy']"
11985,Vive L'Amour,,['Drama']
10232,Shadow of Angels,,['Drama']
59569,Killer: A Journal of Murder,,['Drama']
410921,Nothing to Lose,,"['Action', 'Crime', 'Drama']"
38955,Project S,Police Story Collection,"['Action', 'Adventure', 'Crime']"
110513,Girls Town,,"['Comedy', 'Drama']"
114089,Bye-Bye,,['Drama']
11015,The Relic,,"['Horror', 'Mystery', 'Thriller']"
9306,The Island of Dr. Moreau,,"['Fantasy', 'Horror', 'Science Fiction']"
12559,First Kid,,"['Comedy', 'Family']"
58770,The Trigger Effect,,"['Drama', 'Thriller']"
124851,Sweet Nothing,,[]
3587,Bogus,,"['Fantasy', 'Comedy', 'Family']"
10723,Bulletproof,,"['Action', 'Adventure', 'Comedy', 'Thriller']"
56077,Talk of Angels,,"['Drama', 'Romance', 'War']"
19004,The Land Before Time III: The Time of the Great Giving,The Land Before Time Collection,"['Animation', 'Adventure', 'Family']"
101230,1-900,,[]
253632,Baton Rouge,,['Thriller']
10987,Halloween: The Curse of Michael Myers,Halloween Collection,"['Horror', 'Thriller']"
44705,Twelfth Night,,"['Drama', 'Comedy', 'Romance']"
20318,Mother Night,,"['Drama', 'History']"
43596,Liebelei,,"['Drama', 'Romance']"
79782,Venice,,"['Drama', 'Romance']"
26933,Wild Reeds,,"['Drama', 'Romance']"
27854,For Whom the Bell Tolls,,"['Drama', 'History', 'Romance', 'Thriller']"
981,The Philadelphia Story,,"['Comedy', 'Romance']"
872,Singin' in the Rain,,"['Comedy', 'Music', 'Romance']"
2769,An American in Paris,,"['Drama', 'Comedy', 'Music', 'Romance']"
13320,Funny Face,,"['Music', 'Comedy', 'Romance']"
164,Breakfast at Tiffany's,,"['Comedy', 'Drama', 'Romance']"
426,Vertigo,,"['Mystery', 'Romance', 'Thriller']"
567,Rear Window,,"['Drama', 'Mystery', 'Thriller']"
3078,It Happened One Night,,"['Comedy', 'Romance']"
13528,Gaslight,,"['Drama', 'Mystery', 'Thriller', 'Crime']"
28288,The Gay Divorcee,,"['Comedy', 'Music', 'Romance']"
213,North by Northwest,,"['Mystery', 'Thriller']"
284,The Apartment,,"['Comedy', 'Drama', 'Romance']"
239,Some Like It Hot,,"['Comedy', 'Romance']"
4808,Charade,,"['Comedy', 'Mystery', 'Romance', 'Thriller']"
289,Casablanca,,"['Drama', 'Romance']"
963,The Maltese Falcon,,"['Mystery', 'Crime', 'Thriller']"
11113,My Fair Lady,,"['Drama', 'Family', 'Music', 'Romance']"
6620,Sabrina,,"['Comedy', 'Drama', 'Romance']"
804,Roman Holiday,,"['Comedy', 'Romance']"
26531,The Little Princess,,"['Drama', 'Comedy', 'Family']"
909,Meet Me in St. Louis,,"['Comedy', 'Music', 'Romance']"
630,The Wizard of Oz,,"['Adventure', 'Family', 'Fantasy']"
770,Gone with the Wind,,"['Drama', 'Romance', 'War']"
31044,My Favorite Year,,"['Comedy', 'Drama']"
599,Sunset Boulevard,,['Drama']
15,Citizen Kane,,"['Mystery', 'Drama']"
62,2001: A Space Odyssey,The Space Odyssey Series,"['Science Fiction', 'Mystery', 'Adventure']"
121357,Golden Earrings,,"['Adventure', 'Romance']"
705,All About Eve,,['Drama']
22490,The Women,,"['Comedy', 'Drama']"
223,Rebecca,,"['Drama', 'Mystery']"
25670,Foreign Correspondent,,"['Mystery', 'Thriller', 'War']"
303,Notorious,,"['Thriller', 'Drama', 'Romance']"
4174,Spellbound,,"['Drama', 'Mystery', 'Thriller']"
8356,An Affair to Remember,,"['Drama', 'Romance']"
381,To Catch a Thief,,"['Crime', 'Drama', 'Mystery', 'Romance', 'Thriller']"
20758,Father of the Bride,,"['Comedy', 'Drama', 'Family', 'Romance']"
29376,The Band Wagon,,"['Comedy', 'Music']"
1859,Ninotchka,,"['Comedy', 'Romance']"
18299,Love in the Afternoon,,"['Comedy', 'Drama', 'Romance']"
17281,Gigi,,"['Comedy', 'Music', 'Romance']"
64382,The Reluctant Debutante,,"['Comedy', 'Romance']"
10907,The Adventures of Robin Hood,,"['Action', 'Adventure', 'Romance']"
32093,The Mark of Zorro,,"['Action', 'Adventure', 'Drama', 'Romance', 'Western']"
1939,Laura,,"['Drama', 'Mystery']"
22292,The Ghost and Mrs. Muir,,"['Fantasy', 'Romance', 'Mystery']"
3598,Lost Horizon,,"['Adventure', 'Fantasy', 'Drama', 'Mystery']"
3080,Top Hat,,"['Comedy', 'Music', 'Romance']"
198,To Be or Not to Be,,"['Comedy', 'War']"
13562,My Man Godfrey,,"['Comedy', 'Romance']"
1712,Giant,,"['Action', 'Drama', 'Western']"
220,East of Eden,,['Drama']
3529,The Thin Man,The Thin Man Collection,"['Comedy', 'Crime', 'Mystery']"
3085,His Girl Friday,,"['Comedy', 'Drama']"
2897,Around the World in Eighty Days,,"['Adventure', 'Comedy', 'Family', 'Fantasy', 'Romance']"
1585,It's a Wonderful Life,,"['Drama', 'Family', 'Fantasy']"
3083,Mr. Smith Goes to Washington,,"['Comedy', 'Drama']"
900,Bringing Up Baby,,"['Comedy', 'Romance']"
43795,Penny Serenade,,"['Drama', 'Romance']"
85638,The Scarlet Letter,,['Drama']
50001,Lady of Burlesque,,"['Comedy', 'Thriller', 'Mystery', 'Romance']"
43905,Of Human Bondage,,['Drama']
22688,Angel on My Shoulder,,"['Comedy', 'Fantasy', 'Romance']"
23114,Little Lord Fauntleroy,,"['Drama', 'Family']"
26378,They Made Me a Criminal,,"['Thriller', 'Crime', 'Drama', 'Mystery']"
40206,The Inspector General,,"['Comedy', 'Music', 'Romance']"
22356,Angel and the Badman,,"['Romance', 'Western']"
260,The 39 Steps,,"['Action', 'Thriller', 'Mystery']"
43488,A Walk in the Sun,,"['War', 'Drama']"
22613,The Outlaw,,"['Action', 'Adventure', 'Western']"
10331,Night of the Living Dead,Living Dead Collection,['Horror']
488,The African Queen,,"['Adventure', 'War', 'Romance']"
22733,Beat the Devil,,"['Action', 'Adventure', 'Comedy', 'Crime', 'Drama', 'Romance']"
261,Cat on a Hot Tin Roof,,"['Drama', 'Romance']"
57575,The Last Time I Saw Paris,,"['Romance', 'Drama']"
32574,Meet John Doe,,"['Drama', 'Comedy', 'Romance']"
22657,Algiers,,"['Drama', 'Action', 'Mystery', 'Romance']"
76464,Something to Sing About,,['Comedy']
22649,A Farewell to Arms,,"['Drama', 'Romance', 'War']"
176841,Moonlight Murder,,"['Music', 'Mystery']"
125587,Nothing Personal,,['Drama']
39448,"Yes, Madam",In the Line of Duty Collection,"['Action', 'Foreign']"
52855,Dangerous Ground,,['Drama']
39940,Picnic,,"['Drama', 'Romance']"
172868,Madagascar Skin,,[]
85328,The Pompatus of Love,,"['Comedy', 'Romance', 'Drama']"
124632,Small Wonders,,"['Documentary', 'Family']"
11076,Fly Away Home,,"['Action', 'Adventure', 'Drama', 'Family']"
63945,Bliss,,"['Drama', 'Romance']"
58985,Grace of My Heart,,"['Drama', 'Comedy', 'Music']"
890,Brother of Sleep,,['Drama']
10861,Maximum Risk,,"['Action', 'Adventure', 'Thriller']"
1770,Michael Collins,,"['Drama', 'Thriller']"
44465,The Rich Man's Wife,,"['Drama', 'Thriller']"
2033,Infinity,,"['Drama', 'Romance']"
18203,Big Night,,['Drama']
9333,Last Man Standing,,"['Action', 'Crime', 'Drama', 'Thriller']"
47260,Caught,,"['Action', 'Drama', 'Thriller']"
9400,Set It Off,,"['Drama', 'Action', 'Crime']"
9401,2 Days in the Valley,,"['Comedy', 'Crime']"
12241,Curdled,,"['Comedy', 'Crime', 'Thriller']"
25739,L'associé,,['Comedy']
161806,Ed's Next Move,,[]
11306,Extreme Measures,,"['Drama', 'Thriller']"
9625,The Glimmer Man,,"['Action', 'Adventure', 'Crime', 'Drama', 'Thriller']"
10680,D3: The Mighty Ducks,The Mighty Ducks Collection,"['Action', 'Comedy', 'Drama', 'Family']"
6346,The Chamber,,"['Crime', 'Drama']"
18660,The Apple Dumpling Gang,The Apple Dumpling Gang Collection,"['Comedy', 'Family']"
35115,"Davy Crockett, King of the Wild Frontier",Davy Crockett Collection,"['Action', 'Adventure', 'Family', 'Western']"
14821,Escape to Witch Mountain,Witch Mountain Collection,"['Adventure', 'Fantasy', 'Science Fiction', 'Family']"
14136,The Love Bug,Herbie Collection,"['Comedy', 'Family', 'Fantasy']"
10869,Herbie Rides Again,Herbie Collection,"['Romance', 'Comedy', 'Family', 'Fantasy']"
22660,Old Yeller,,"['Adventure', 'Drama', 'Western']"
19186,The Parent Trap,Parent Trap Collection,"['Comedy', 'Family']"
31102,Pollyanna,,['Adventure']
6878,Homeward Bound: The Incredible Journey,Homeward Bound Collection,"['Adventure', 'Comedy', 'Drama', 'Family']"
15944,The Shaggy Dog,The Shaggy Dog Collection,"['Comedy', 'Family']"
18444,Swiss Family Robinson,,"['Adventure', 'Family']"
20723,That Darn Cat!,,"['Drama', 'Family', 'Comedy']"
173,"20,000 Leagues Under the Sea",,"['Adventure', 'Drama', 'Science Fiction']"
864,Cool Runnings,,['Comedy']
24795,Angels in the Outfield,,"['Fantasy', 'Drama', 'Comedy', 'Family']"
11224,Cinderella,Cinderella Collection,"['Family', 'Fantasy', 'Animation', 'Romance']"
81310,Winnie the Pooh and the Blustery Day,,"['Animation', 'Family', 'Music']"
15947,The Three Caballeros,Caballeros Collection,"['Animation', 'Family', 'Music']"
9078,The Sword in the Stone,,"['Animation', 'Family']"
29682,So Dear to My Heart,,"['Animation', 'Drama', 'Family']"
8367,Robin Hood: Prince of Thieves,,['Adventure']
433,Mary Poppins,,"['Comedy', 'Family', 'Fantasy']"
11360,Dumbo,,"['Animation', 'Family']"
11114,Pete's Dragon,,"['Fantasy', 'Animation', 'Comedy', 'Family']"
